Date found,NestID,Latitude,Longitude,Elevation,Egg number,Egg length mm,Egg mass g
8/6/2013,20131,-0.72095,-90.46495,17,1,41.59,116.4
8/6/2013,20131,-0.72095,-90.46495,17,2,42.38,113.3
8/6/2013,20131,-0.72095,-90.46495,17,3,41.98,118.2
9/16/2013,201310,-0.69992,-90.4577,106,1,59.42,119.7
9/16/2013,201310,-0.69992,-90.4577,106,2,58.97,116.4
9/16/2013,201310,-0.69992,-90.4577,106,3,59.47,117.8
9/16/2013,201310,-0.69992,-90.4577,106,4,60.33,122.4
9/16/2013,201310,-0.69992,-90.4577,106,5,61.78,124.7
9/16/2013,201310,-0.69992,-90.4577,106,6,60.6,129.5
9/16/2013,201310,-0.69992,-90.4577,106,7,61.12,126.1
9/16/2013,201310,-0.69992,-90.4577,106,8,61.74,131.2
9/16/2013,201310,-0.69992,-90.4577,106,9,63.41,128.4
9/16/2013,201310,-0.69992,-90.4577,106,10,67.51,129.6
9/16/2013,201310,-0.69992,-90.4577,106,11,61.63,128.1
9/16/2013,201310,-0.69992,-90.4577,106,12,61.87,130
9/16/2013,201310,-0.69992,-90.4577,106,13,61.7,128.7
9/16/2013,201310,-0.69992,-90.4577,106,14,60.41,130.7
9/16/2013,201310,-0.69992,-90.4577,106,15,60.77,130.3
9/16/2013,201310,-0.69992,-90.4577,106,16,61.2,128.6
9/16/2013,201311,-0.69993,-90.4577,106,1,59.45,119.3
9/16/2013,201311,-0.69993,-90.4577,106,2,61.27,119.5
9/16/2013,201311,-0.69993,-90.4577,106,3,61.27,132.5
9/16/2013,201311,-0.69993,-90.4577,106,4,61.36,138.5
9/16/2013,201311,-0.69993,-90.4577,106,5,60.95,129.4
9/16/2013,201311,-0.69993,-90.4577,106,6,62.25,133.5
9/16/2013,201311,-0.69993,-90.4577,106,7,61.53,127.4
9/16/2013,201311,-0.69993,-90.4577,106,8,61.9,128.9
11/28/2013,201312,-0.71305,-90.459823,64,1,61.69,142
11/28/2013,201312,-0.71305,-90.459823,64,2,61.55,132.9
11/28/2013,201312,-0.71305,-90.459823,64,3,61.36,136.8
11/28/2013,201312,-0.71305,-90.459823,64,4,61.33,137.4
11/28/2013,201312,-0.71305,-90.459823,64,5,71.89,141.1
8/6/2013,20132,-0.71369,-90.46136,63,1,63.75,153
8/6/2013,20132,-0.71369,-90.46136,63,2,64.64,157
8/6/2013,20132,-0.71369,-90.46136,63,3,61.54,144.9
8/6/2013,20132,-0.71369,-90.46136,63,4,63.01,149.7
8/6/2013,20132,-0.71369,-90.46136,63,5,61.97,150.6
8/6/2013,20132,-0.71369,-90.46136,63,6,62.97,152.3
8/6/2013,20132,-0.71369,-90.46136,63,7,62.28,147.2
8/6/2013,20133,-0.69242,-90.44834,145,1,60.99,128.3
8/12/2013,20134,-0.7127,-90.46048,66,1,61.38,139.9
8/12/2013,20134,-0.7127,-90.46048,66,2,62.2,142.3
8/12/2013,20134,-0.7127,-90.46048,66,3,61.05,130.5
8/12/2013,20134,-0.7127,-90.46048,66,4,62.08,134.5
8/12/2013,20134,-0.7127,-90.46048,66,5,62.01,143.6
8/12/2013,20134,-0.7127,-90.46048,66,6,62.12,142.7
8/12/2013,20134,-0.7127,-90.46048,66,7,62.74,146.8
8/12/2013,20134,-0.7127,-90.46048,66,8,58.89,143.5
8/12/2013,20134,-0.7127,-90.46048,66,9,61.54,139.5
8/12/2013,20134,-0.7127,-90.46048,66,10,60.78,132.8
8/12/2013,20135,-0.71269,-90.46053,66,1,67.1,175.4
8/12/2013,20135,-0.71269,-90.46053,66,2,64.49,160
8/12/2013,20135,-0.71269,-90.46053,66,3,70.9,169.1
8/12/2013,20136,-0.71275,-90.46051,66,1,61.45,132.1
8/12/2013,20136,-0.71275,-90.46051,66,2,60.94,135.3
8/12/2013,20136,-0.71275,-90.46051,66,3,60.14,131.3
8/12/2013,20136,-0.71275,-90.46051,66,4,58.1,118.2
8/12/2013,20136,-0.71275,-90.46051,66,5,62.07,137.4
8/12/2013,20136,-0.71275,-90.46051,66,6,61.56,137.6
8/12/2013,20136,-0.71275,-90.46051,66,7,61.57,134
8/21/2013,20137,-0.70012,-90.45644,106,1,56.33,112.9
8/21/2013,20137,-0.70012,-90.45644,106,2,55.09,106.6
8/21/2013,20137,-0.70012,-90.45644,106,3,56.08,112.2
8/21/2013,20137,-0.70012,-90.45644,106,4,56.2,111.5
8/21/2013,20137,-0.70012,-90.45644,106,5,61.7,114
8/21/2013,20137,-0.70012,-90.45644,106,6,59.51,113
8/21/2013,20137,-0.70012,-90.45644,106,7,60.15,116.1
8/21/2013,20137,-0.70012,-90.45644,106,8,57.25,111.9
8/21/2013,20137,-0.70012,-90.45644,106,9,56.04,116.2
8/21/2013,20137,-0.70012,-90.45644,106,10,55.57,109.1
8/21/2013,20137,-0.70012,-90.45644,106,11,60.83,115.8
8/21/2013,20137,-0.70012,-90.45644,106,12,57.82,113.8
9/11/2013,20138,-0.72084,-90.4648,18,1,64.92,137.5
9/11/2013,20138,-0.72084,-90.4648,18,2,59.91,120.3
9/11/2013,20138,-0.72084,-90.4648,18,3,59.2,103.7
9/11/2013,20138,-0.72084,-90.4648,18,4,60.67,121.4
9/11/2013,20138,-0.72084,-90.4648,18,5,60.19,118.2
9/11/2013,20138,-0.72084,-90.4648,18,6,60.3,116.6
9/11/2013,20139,-0.7207,-90.465,18,1,60.77,128.1
9/11/2013,20139,-0.7207,-90.465,18,2,60.39,126.7
9/11/2013,20139,-0.7207,-90.465,18,3,61.3,132.3
9/11/2013,20139,-0.7207,-90.465,18,4,61.24,129.3
9/11/2013,20139,-0.7207,-90.465,18,5,61.5,130.3
9/11/2013,20139,-0.7207,-90.465,18,6,61.87,133
9/11/2013,20139,-0.7207,-90.465,18,7,62.46,130.7
9/11/2013,20139,-0.7207,-90.465,18,8,63.75,137.2
9/11/2013,20139,-0.7207,-90.465,18,9,61.22,130.3
9/11/2013,20139,-0.7207,-90.465,18,10,62.31,134
9/11/2013,20139,-0.7207,-90.465,18,11,62.12,126.5
9/11/2013,20139,-0.7207,-90.465,18,12,66.31,138.9
8/21/2014,2014203,-0.70014,-90.45647,106,1,59.48,114.7
8/21/2014,2014203,-0.70014,-90.45647,106,2,58.43,110.2
8/21/2014,2014203,-0.70014,-90.45647,106,3,59,114.9
8/21/2014,2014203,-0.70014,-90.45647,106,4,59.95,117.9
8/21/2014,2014203,-0.70014,-90.45647,106,5,58.02,108.2
8/21/2014,2014203,-0.70014,-90.45647,106,6,62.53,116.7
8/21/2014,2014203,-0.70014,-90.45647,106,7,59.99,117.1
8/21/2014,2014203,-0.70014,-90.45647,106,8,60.7,114.8
8/21/2014,2014203,-0.70014,-90.45647,106,9,57.97,102.7
8/21/2014,2014203,-0.70014,-90.45647,106,10,58.35,116.1
8/21/2014,2014213,-0.69445,-90.45261,143,1,63.9,146.8
8/21/2014,2014213,-0.69445,-90.45261,143,2,63.92,150.8
8/21/2014,2014213,-0.69445,-90.45261,143,3,65,149.5
8/21/2014,2014213,-0.69445,-90.45261,143,4,63.86,141.9
8/21/2014,2014213,-0.69445,-90.45261,143,5,61.01,143.9
8/21/2014,2014213,-0.69445,-90.45261,143,6,64.11,150.5
8/25/2014,2014223,-0.70007,-90.45654,106,1,60.5,107.01
8/25/2014,2014223,-0.70007,-90.45654,106,2,60.26,103.13
8/25/2014,2014223,-0.70007,-90.45654,106,3,59.38,101.07
8/25/2014,2014223,-0.70007,-90.45654,106,4,61.1,108.08
8/25/2014,2014223,-0.70007,-90.45654,106,5,60.14,103.03
8/25/2014,2014223,-0.70007,-90.45654,106,6,62.07,104.05
8/25/2014,2014233,-0.70005,-90.45654,106,1,64.38,130.05
8/25/2014,2014233,-0.70005,-90.45654,106,2,64.22,122.09
8/25/2014,2014233,-0.70005,-90.45654,106,3,63.5,129
8/25/2014,2014233,-0.70005,-90.45654,106,4,62.92,124.09
8/25/2014,2014233,-0.70005,-90.45654,106,5,61.75,125.04
8/25/2014,2014233,-0.70005,-90.45654,106,6,65.76,133.06
8/25/2014,2014233,-0.70005,-90.45654,106,7,68.42,132.03
8/25/2014,2014233,-0.70005,-90.45654,106,8,65.46,130.09
8/25/2014,2014233,-0.70005,-90.45654,106,9,61.53,124.05
8/25/2014,2014233,-0.70005,-90.45654,106,10,62.88,127.07
8/25/2014,2014243,-0.69998,-90.45773,106,1,60.54,120.05
8/25/2014,2014243,-0.69998,-90.45773,106,2,60.69,119.03
8/25/2014,2014243,-0.69998,-90.45773,106,3,62.19,123.06
8/25/2014,2014243,-0.69998,-90.45773,106,4,63,125.04
8/25/2014,2014243,-0.69998,-90.45773,106,5,62.88,126.02
8/25/2014,2014243,-0.69998,-90.45773,106,6,59.86,120.04
8/25/2014,2014243,-0.69998,-90.45773,106,7,64.38,124.03
8/25/2014,2014243,-0.69998,-90.45773,106,8,61.23,121.03
8/25/2014,2014243,-0.69998,-90.45773,106,9,62.5,128.04
8/25/2014,2014243,-0.69998,-90.45773,106,10,62.47,125
8/25/2014,2014243,-0.69998,-90.45773,106,11,61.1,121
8/25/2014,2014243,-0.69998,-90.45773,106,12,60.43,120.04
9/18/2014,2014253,-0.69987,-90.45772,106,1,62.21,118
9/18/2014,2014253,-0.69987,-90.45772,106,2,58.92,116.04
9/18/2014,2014253,-0.69987,-90.45772,106,3,61.14,118
9/18/2014,2014253,-0.69987,-90.45772,106,4,59.5,117.08
9/18/2014,2014253,-0.69987,-90.45772,106,5,58.95,118.06
9/18/2014,2014253,-0.69987,-90.45772,106,6,59.73,115.08
9/18/2014,2014253,-0.69987,-90.45772,106,7,59.08,120.05
9/18/2014,2014253,-0.69987,-90.45772,106,8,61.32,122.09
9/18/2014,2014253,-0.69987,-90.45772,106,9,59.56,113
9/18/2014,2014253,-0.69987,-90.45772,106,10,61.87,111.04
9/18/2014,2014253,-0.69987,-90.45772,106,11,65.62,115.01
9/18/2014,2014253,-0.69987,-90.45772,106,12,61.69,114.08
9/24/2014,2014263,-0.70012,-90.45636,107,1,60.49,120
9/24/2014,2014263,-0.70012,-90.45636,107,2,61.87,124.02
9/24/2014,2014263,-0.70012,-90.45636,107,3,61.11,120.03
9/24/2014,2014263,-0.70012,-90.45636,107,4,60.69,122.02
9/24/2014,2014263,-0.70012,-90.45636,107,5,60.65,114.07
9/24/2014,2014263,-0.70012,-90.45636,107,6,60.49,121.06
9/24/2014,2014263,-0.70012,-90.45636,107,7,62.29,123.05
9/24/2014,2014263,-0.70012,-90.45636,107,8,64.1,126
9/24/2014,2014263,-0.70012,-90.45636,107,9,60.01,117.02
9/24/2014,2014273,-0.70007,-90.45653,106,1,53.92,90.08
9/24/2014,2014273,-0.70007,-90.45653,106,2,55.16,97.08
9/24/2014,2014273,-0.70007,-90.45653,106,3,55.54,101.02
9/24/2014,2014273,-0.70007,-90.45653,106,4,57.09,104.01
9/24/2014,2014273,-0.70007,-90.45653,106,5,56.35,101.07
9/24/2014,2014273,-0.70007,-90.45653,106,6,58.3,101.05
9/24/2014,2014273,-0.70007,-90.45653,106,7,54.56,95.06
9/24/2014,2014273,-0.70007,-90.45653,106,8,56.68,97.08
9/24/2014,2014273,-0.70007,-90.45653,106,9,55.45,96
9/24/2014,2014273,-0.70007,-90.45653,106,10,56.47,96.06
9/24/2014,2014273,-0.70007,-90.45653,106,11,55.41,97.07
9/24/2014,2014273,-0.70007,-90.45653,106,12,54.54,91.06
9/24/2014,2014273,-0.70007,-90.45653,106,13,55.32,94.03
9/24/2014,2014273,-0.70007,-90.45653,106,14,56.2,99.05
9/24/2014,2014283,-0.698,-90.45631,128,1,61.52,129.03
9/24/2014,2014283,-0.698,-90.45631,128,2,60.36,128.01
9/24/2014,2014283,-0.698,-90.45631,128,3,63.13,133.02
9/24/2014,2014283,-0.698,-90.45631,128,4,61.44,124.09
9/24/2014,2014283,-0.698,-90.45631,128,5,61.58,133.01
9/24/2014,2014283,-0.698,-90.45631,128,6,61.1,133.05
9/24/2014,2014283,-0.698,-90.45631,128,7,61.88,129.04
9/24/2014,2014283,-0.698,-90.45631,128,8,61.93,134.05
9/24/2014,2014283,-0.698,-90.45631,128,9,63.88,134.02
9/24/2014,2014283,-0.698,-90.45631,128,10,59.97,123.02
9/24/2014,2014283,-0.698,-90.45631,128,11,60.96,125.03
9/24/2014,2014283,-0.698,-90.45631,128,12,61.19,130.02
9/24/2014,2014283,-0.698,-90.45631,128,13,60.44,127.01
9/24/2014,2014283,-0.698,-90.45631,128,14,59.9,125.03
9/24/2014,2014293,-0.69741,-90.45554,133,1,61.7,121.09
9/24/2014,2014293,-0.69741,-90.45554,133,2,60.4,113.03
9/24/2014,2014293,-0.69741,-90.45554,133,3,59.47,117.01
9/24/2014,2014293,-0.69741,-90.45554,133,4,59.42,119.06
9/24/2014,2014293,-0.69741,-90.45554,133,5,60.03,128
9/24/2014,2014293,-0.69741,-90.45554,133,6,60.66,120
9/24/2014,2014293,-0.69741,-90.45554,133,7,62.88,126
9/24/2014,2014293,-0.69741,-90.45554,133,8,60.13,125.09
9/24/2014,2014293,-0.69741,-90.45554,133,9,61.43,128.02
9/24/2014,2014293,-0.69741,-90.45554,133,10,60.09,118.01
9/24/2014,2014293,-0.69741,-90.45554,133,11,60.86,122.06
9/24/2014,2014293,-0.69741,-90.45554,133,12,62.11,120.04
9/24/2014,2014293,-0.69741,-90.45554,133,13,60,120.06
8/29/2014,2014302,-0.71107,-90.45941,69,1,61.93,134.09
8/29/2014,2014302,-0.71107,-90.45941,69,2,61.68,127.03
8/29/2014,2014302,-0.71107,-90.45941,69,3,61.11,129.09
8/29/2014,2014302,-0.71107,-90.45941,69,4,61.6,131.08
8/29/2014,2014302,-0.71107,-90.45941,69,5,60.9,129.04
8/29/2014,2014302,-0.71107,-90.45941,69,6,60.4,126.04
8/29/2014,2014302,-0.71107,-90.45941,69,7,61.2,134.01
8/29/2014,2014302,-0.71107,-90.45941,69,8,62.4,135.04
8/29/2014,2014302,-0.71107,-90.45941,69,9,61.58,128.05
8/29/2014,2014302,-0.71107,-90.45941,69,10,61.5,130.09
8/29/2014,2014302,-0.71107,-90.45941,69,11,62.03,138.02
8/29/2014,2014302,-0.71107,-90.45941,69,12,62.88,139.09
8/29/2014,2014302,-0.71107,-90.45941,69,13,63.2,134.01
8/29/2014,2014302,-0.71107,-90.45941,69,14,64.27,139.03
8/29/2014,2014312,-0.7111,-90.45939,69,1,96.68,245.1
8/29/2014,2014312,-0.7111,-90.45939,69,2,60.5,125
8/29/2014,2014312,-0.7111,-90.45939,69,3,60.63,127.01
8/29/2014,2014312,-0.7111,-90.45939,69,4,60.93,131.06
8/29/2014,2014312,-0.7111,-90.45939,69,5,60.85,126.09
8/29/2014,2014312,-0.7111,-90.45939,69,6,64.38,120.06
8/29/2014,2014312,-0.7111,-90.45939,69,7,60.3,128.05
8/29/2014,2014322,-0.71107,-90.45937,69,1,62.8,136
8/29/2014,2014322,-0.71107,-90.45937,69,2,61.3,132
8/29/2014,2014322,-0.71107,-90.45937,69,3,63.9,137.03
8/29/2014,2014322,-0.71107,-90.45937,69,4,62.2,131
8/29/2014,2014322,-0.71107,-90.45937,69,5,63.4,141.08
8/29/2014,2014322,-0.71107,-90.45937,69,6,63.15,140.08
8/29/2014,2014322,-0.71107,-90.45937,69,7,63.35,133.08
8/29/2014,2014322,-0.71107,-90.45937,69,8,63.56,135.02
9/10/2014,2014332,-0.71343,-90.46137,63,1,61.04,134.8
9/10/2014,2014332,-0.71343,-90.46137,63,2,61.66,135.1
9/10/2014,2014332,-0.71343,-90.46137,63,3,61.48,136.07
9/10/2014,2014332,-0.71343,-90.46137,63,4,61.62,139.08
9/10/2014,2014332,-0.71343,-90.46137,63,5,61.64,133
9/10/2014,2014332,-0.71343,-90.46137,63,6,62.37,132.07
9/10/2014,2014332,-0.71343,-90.46137,63,7,62.08,133.05
9/10/2014,2014332,-0.71343,-90.46137,63,8,63.61,130.05
9/10/2014,2014332,-0.71343,-90.46137,63,9,61.67,134.05
9/10/2014,2014332,-0.71343,-90.46137,63,10,62.08,134
9/11/2014,2014342,-0.71081,-90.45929,70,1,57.93,112.06
9/11/2014,2014342,-0.71081,-90.45929,70,2,58.78,115.01
9/11/2014,2014342,-0.71081,-90.45929,70,3,60.8,128.03
9/11/2014,2014342,-0.71081,-90.45929,70,4,55.1,96.07
9/11/2014,2014342,-0.71081,-90.45929,70,5,61.75,129.03
9/11/2014,2014342,-0.71081,-90.45929,70,6,66.86,105.08
9/11/2014,2014342,-0.71081,-90.45929,70,7,60.96,127.04
9/11/2014,2014342,-0.71081,-90.45929,70,8,60.2,121.09
9/11/2014,2014342,-0.71081,-90.45929,70,9,60.35,126.02
9/11/2014,2014342,-0.71081,-90.45929,70,10,59.68,122.06
9/11/2014,2014342,-0.71081,-90.45929,70,11,63.28,123.01
9/11/2014,2014352,-0.71368,-90.46127,63,1,56.46,103.08
9/11/2014,2014352,-0.71368,-90.46127,63,2,58.7,115
9/11/2014,2014352,-0.71368,-90.46127,63,3,59.33,124.07
9/11/2014,2014352,-0.71368,-90.46127,63,4,62.41,122.06
9/11/2014,2014352,-0.71368,-90.46127,63,5,58.88,114.01
9/11/2014,2014352,-0.71368,-90.46127,63,6,61.71,123.02
9/11/2014,2014352,-0.71368,-90.46127,63,7,58.37,114.09
9/11/2014,2014352,-0.71368,-90.46127,63,8,57.85,113.01
9/11/2014,2014352,-0.71368,-90.46127,63,9,58.99,110.08
9/11/2014,2014362,-0.71371,-90.46138,63,1,60.57,124.01
9/11/2014,2014362,-0.71371,-90.46138,63,2,60.84,125.06
9/11/2014,2014362,-0.71371,-90.46138,63,3,63.67,135.03
9/11/2014,2014362,-0.71371,-90.46138,63,4,62.3,135.04
9/11/2014,2014362,-0.71371,-90.46138,63,5,60.29,123
9/11/2014,2014362,-0.71371,-90.46138,63,6,61.54,126.03
9/11/2014,2014362,-0.71371,-90.46138,63,7,61.26,122.08
9/11/2014,2014362,-0.71371,-90.46138,63,8,61.87,135.06
9/11/2014,2014362,-0.71371,-90.46138,63,9,60.85,130.08
9/11/2014,2014372,-0.71278,-90.45994,66,1,61.94,136.04
9/11/2014,2014372,-0.71278,-90.45994,66,2,61.18,128.03
9/11/2014,2014372,-0.71278,-90.45994,66,3,60.01,126.03
9/11/2014,2014372,-0.71278,-90.45994,66,4,61.85,136.05
9/11/2014,2014372,-0.71278,-90.45994,66,5,62.95,138.09
9/11/2014,2014372,-0.71278,-90.45994,66,6,64.4,133
9/11/2014,2014372,-0.71278,-90.45994,66,7,62.76,139.02
9/11/2014,2014372,-0.71278,-90.45994,66,8,60.07,125.06
9/11/2014,2014372,-0.71278,-90.45994,66,9,61.5,132.08
9/11/2014,2014382,-0.71279,-90.45997,66,1,64.31,146.08
9/11/2014,2014382,-0.71279,-90.45997,66,2,64.95,154.01
9/11/2014,2014382,-0.71279,-90.45997,66,3,63.15,147.06
9/11/2014,2014382,-0.71279,-90.45997,66,4,65,154.05
9/11/2014,2014382,-0.71279,-90.45997,66,5,63.48,149.05
9/11/2014,2014382,-0.71279,-90.45997,66,6,63.07,146.02
9/11/2014,2014382,-0.71279,-90.45997,66,7,67.24,157.06
9/11/2014,2014382,-0.71279,-90.45997,66,8,64.44,152.08
9/11/2014,2014382,-0.71279,-90.45997,66,9,65.05,150.07
9/11/2014,2014382,-0.71279,-90.45997,66,10,64.22,147.07
9/11/2014,2014382,-0.71279,-90.45997,66,11,62.92,143.02
9/11/2014,2014382,-0.71279,-90.45997,66,12,65.53,150.07
9/11/2014,2014382,-0.71279,-90.45997,66,13,62.73,138.01
9/16/2014,2014392,-0.7119,-90.46178,64,1,60.75,126.04
9/16/2014,2014392,-0.7119,-90.46178,64,2,64.41,135.07
9/16/2014,2014392,-0.7119,-90.46178,64,3,62.5,121.03
9/16/2014,2014392,-0.7119,-90.46178,64,4,61.97,130.02
9/16/2014,2014392,-0.7119,-90.46178,64,5,62.7,126.09
9/16/2014,2014392,-0.7119,-90.46178,64,6,59.75,124.06
9/16/2014,2014392,-0.7119,-90.46178,64,7,65.25,139.06
9/16/2014,2014392,-0.7119,-90.46178,64,8,64.44,134.01
9/16/2014,2014392,-0.7119,-90.46178,64,9,63.05,135.03
9/16/2014,2014392,-0.7119,-90.46178,64,10,67.32,130
9/8/2014,2014401,-0.72079,-90.46494,18,1,61.32,125.08
9/8/2014,2014401,-0.72079,-90.46494,18,2,59.85,121.07
9/8/2014,2014401,-0.72079,-90.46494,18,3,60.26,122.08
9/8/2014,2014401,-0.72079,-90.46494,18,4,61.57,129.04
9/8/2014,2014401,-0.72079,-90.46494,18,5,62.25,129.03
9/8/2014,2014401,-0.72079,-90.46494,18,6,60.25,126.01
9/8/2014,2014401,-0.72079,-90.46494,18,7,62.83,133.06
9/8/2014,2014401,-0.72079,-90.46494,18,8,62.68,123.01
9/8/2014,2014401,-0.72079,-90.46494,18,9,65.17,129.06
9/8/2014,2014411,-0.72078,-90.46497,18,1,62.4,135.07
9/8/2014,2014411,-0.72078,-90.46497,18,2,62.74,138
9/8/2014,2014411,-0.72078,-90.46497,18,3,62.55,137.01
9/8/2014,2014411,-0.72078,-90.46497,18,4,63.98,144.06
9/8/2014,2014411,-0.72078,-90.46497,18,5,61.24,131.08
9/8/2014,2014411,-0.72078,-90.46497,18,6,63.12,141.04
9/8/2014,2014411,-0.72078,-90.46497,18,7,61.53,133
9/8/2014,2014411,-0.72078,-90.46497,18,8,63.48,139.09
9/8/2014,2014411,-0.72078,-90.46497,18,9,62.54,132.08
9/8/2014,2014411,-0.72078,-90.46497,18,10,62.79,134.09
9/8/2014,2014411,-0.72078,-90.46497,18,11,63.81,142.01
9/8/2014,2014421,-0.72084,-90.46478,18,1,62,120.06
9/8/2014,2014421,-0.72084,-90.46478,18,2,59.1,119.09
9/8/2014,2014421,-0.72084,-90.46478,18,3,60.71,124.05
9/8/2014,2014421,-0.72084,-90.46478,18,4,58.5,117.06
9/8/2014,2014421,-0.72084,-90.46478,18,5,59.17,118.04
9/8/2014,2014421,-0.72084,-90.46478,18,6,59.22,116.05
9/8/2014,2014421,-0.72084,-90.46478,18,7,59.17,118
9/8/2014,2014421,-0.72084,-90.46478,18,8,60.97,127.06
9/8/2014,2014421,-0.72084,-90.46478,18,9,59.95,124.09
9/8/2014,2014421,-0.72084,-90.46478,18,10,59.12,116.03
9/8/2014,2014421,-0.72084,-90.46478,18,11,60.06,121.01
9/8/2014,2014421,-0.72084,-90.46478,18,12,61.66,125.06
9/8/2014,2014421,-0.72084,-90.46478,18,13,63.08,129.08
9/8/2014,2014431,-0.72084,-90.46478,18,1,61.96,131.09
9/8/2014,2014431,-0.72084,-90.46478,18,2,60.65,124.05
9/8/2014,2014431,-0.72084,-90.46478,18,3,59.66,119.05
9/8/2014,2014431,-0.72084,-90.46478,18,4,61.5,127.03
9/8/2014,2014431,-0.72084,-90.46478,18,5,60.16,127.06
9/8/2014,2014431,-0.72084,-90.46478,18,6,61.14,123.07
9/8/2014,2014431,-0.72084,-90.46478,18,7,60.82,121.03
9/8/2014,2014431,-0.72084,-90.46478,18,8,62.52,129.03
9/8/2014,2014431,-0.72084,-90.46478,18,9,60.33,125.06
9/30/2014,2014441,-0.72069,-90.46532,16,1,58.18,111.06
9/30/2014,2014441,-0.72069,-90.46532,16,2,58.65,114.04
9/30/2014,2014441,-0.72069,-90.46532,16,3,58.39,113.04
9/30/2014,2014441,-0.72069,-90.46532,16,4,58.8,117.01
9/30/2014,2014441,-0.72069,-90.46532,16,5,58.61,114.02
9/30/2014,2014441,-0.72069,-90.46532,16,6,59.98,118.05
9/30/2014,2014441,-0.72069,-90.46532,16,7,61.3,118.06
9/30/2014,2014441,-0.72069,-90.46532,16,8,58.72,114.03
9/30/2014,2014451,-0.72058,-90.46538,17,1,63.14,111
9/30/2014,2014451,-0.72058,-90.46538,17,2,59.26,115.03
9/30/2014,2014451,-0.72058,-90.46538,17,3,60.09,126.08
9/30/2014,2014451,-0.72058,-90.46538,17,4,60.91,115.05
9/30/2014,2014451,-0.72058,-90.46538,17,5,61.36,111.05
9/30/2014,2014451,-0.72058,-90.46538,17,6,59.71,116.01
9/30/2014,2014451,-0.72058,-90.46538,17,7,59.35,113.03
9/30/2014,2014451,-0.72058,-90.46538,17,8,60.6,114.09
9/30/2014,2014451,-0.72058,-90.46538,17,9,60.83,119
9/30/2014,2014451,-0.72058,-90.46538,17,10,63.84,104.09
10/21/2014,2014461,-0.72079,-90.46503,17,1,61.62,103.07
10/21/2014,2014461,-0.72079,-90.46503,17,2,60.12,101.02
10/21/2014,2014461,-0.72079,-90.46503,17,3,61.23,104
10/21/2014,2014461,-0.72079,-90.46503,17,4,61.69,110.06
10/21/2014,2014461,-0.72079,-90.46503,17,5,65.31,115
10/21/2014,2014461,-0.72079,-90.46503,17,6,61.33,103.07
10/21/2014,2014461,-0.72079,-90.46503,17,7,60.44,108.09
10/21/2014,2014461,-0.72079,-90.46503,17,8,60.55,111.02
10/21/2014,2014461,-0.72079,-90.46503,17,9,62.5,112.03
10/21/2014,2014461,-0.72079,-90.46503,17,10,61.85,114.05
10/21/2014,2014461,-0.72079,-90.46503,17,11,60.47,110.07
10/21/2014,2014461,-0.72079,-90.46503,17,12,68.15,117.06
10/21/2014,2014471,-0.72081,-90.46481,18,1,59.74,117.08
10/21/2014,2014471,-0.72081,-90.46481,18,2,70.68,128.08
10/21/2014,2014471,-0.72081,-90.46481,18,3,62.41,128.08
10/21/2014,2014471,-0.72081,-90.46481,18,4,60.25,120
10/21/2014,2014471,-0.72081,-90.46481,18,5,56.62,112.01
10/21/2014,2014471,-0.72081,-90.46481,18,6,65.5,127
10/21/2014,2014471,-0.72081,-90.46481,18,7,60.66,128.03
10/21/2014,2014481,-0.72094,-90.4649,17,1,56.7,99.01
10/21/2014,2014481,-0.72094,-90.4649,17,2,58.3,96.07
10/21/2014,2014481,-0.72094,-90.4649,17,3,64.77,108.04
10/21/2014,2014481,-0.72094,-90.4649,17,4,60.46,98.01
10/21/2014,2014481,-0.72094,-90.4649,17,5,63.65,100.02
10/21/2014,2014481,-0.72094,-90.4649,17,6,58.97,101.04
10/21/2014,2014481,-0.72094,-90.4649,17,7,61.8,101.02
10/21/2014,2014481,-0.72094,-90.4649,17,8,60.65,100.09
10/21/2014,2014481,-0.72094,-90.4649,17,9,64.16,98.08
8/24/2015,2015501,-0.72084,-90.46481,18,1,56.29,108.6
8/24/2015,2015501,-0.72084,-90.46481,18,2,64.48,118
8/24/2015,2015501,-0.72084,-90.46481,18,3,57.49,110.8
8/24/2015,2015501,-0.72084,-90.46481,18,4,58.19,94.6
8/24/2015,2015511,-0.72084,-90.46481,18,1,62.02,133.3
8/24/2015,2015511,-0.72084,-90.46481,18,2,62.33,134.2
8/24/2015,2015511,-0.72084,-90.46481,18,3,61.97,132.4
8/24/2015,2015511,-0.72084,-90.46481,18,4,61.55,133.9
8/24/2015,2015511,-0.72084,-90.46481,18,5,61.19,131.2
8/24/2015,2015511,-0.72084,-90.46481,18,6,61.9,135.3
8/24/2015,2015511,-0.72084,-90.46481,18,7,61.51,133.7
8/24/2015,2015511,-0.72084,-90.46481,18,8,61.29,135.7
8/24/2015,2015511,-0.72084,-90.46481,18,9,61.2,136
8/24/2015,2015511,-0.72084,-90.46481,18,10,61.04,129.6
8/24/2015,2015511,-0.72084,-90.46481,18,11,62.42,133
8/24/2015,2015521,-0.72083,-90.46481,18,1,59.51,116.1
8/24/2015,2015521,-0.72083,-90.46481,18,2,29.2,15.2
8/24/2015,2015521,-0.72083,-90.46481,18,3,57.25,117.4
8/24/2015,2015521,-0.72083,-90.46481,18,4,58.55,106.5
8/24/2015,2015521,-0.72083,-90.46481,18,5,59.68,111.2
8/24/2015,2015521,-0.72083,-90.46481,18,6,60.69,117.1
8/24/2015,2015531,-0.72076,-90.46494,18,1,61.36,131.2
8/24/2015,2015531,-0.72076,-90.46494,18,2,60.98,129.2
8/24/2015,2015531,-0.72076,-90.46494,18,3,61.83,132.1
8/24/2015,2015531,-0.72076,-90.46494,18,4,61.93,135.4
8/24/2015,2015531,-0.72076,-90.46494,18,5,58.91,115.9
8/24/2015,2015531,-0.72076,-90.46494,18,6,61.19,130.6
8/24/2015,2015531,-0.72076,-90.46494,18,7,62.24,138
8/24/2015,2015531,-0.72076,-90.46494,18,8,62.24,134.8
8/24/2015,2015531,-0.72076,-90.46494,18,9,61.17,134.7
8/24/2015,2015531,-0.72076,-90.46494,18,10,61.24,131.5
8/24/2015,2015531,-0.72076,-90.46494,18,11,61.54,136.4
8/24/2015,2015541,-0.72076,-90.46494,18,1,59.88,129.3
8/24/2015,2015541,-0.72076,-90.46494,18,2,61.04,136.3
8/24/2015,2015541,-0.72076,-90.46494,18,3,60.09,129.4
8/24/2015,2015541,-0.72076,-90.46494,18,4,61.66,137.7
8/24/2015,2015541,-0.72076,-90.46494,18,5,61.87,135.8
8/24/2015,2015541,-0.72076,-90.46494,18,6,60.3,135.5
8/24/2015,2015541,-0.72076,-90.46494,18,7,60.61,130.2
8/24/2015,2015541,-0.72076,-90.46494,18,8,61.12,132.1
8/24/2015,2015541,-0.72076,-90.46494,18,9,60.93,136.3
8/24/2015,2015541,-0.72076,-90.46494,18,10,62.54,137.8
8/24/2015,2015541,-0.72076,-90.46494,18,11,60.73,136.7
8/24/2015,2015541,-0.72076,-90.46494,18,12,71.74,139
9/14/2015,2015551,-0.72083,-90.46481,18,1,60.59,123.5
9/14/2015,2015551,-0.72083,-90.46481,18,2,59.41,121.2
9/14/2015,2015551,-0.72083,-90.46481,18,3,60.35,122.3
9/14/2015,2015551,-0.72083,-90.46481,18,4,59.27,119.2
9/14/2015,2015551,-0.72083,-90.46481,18,5,60.18,124.9
9/14/2015,2015551,-0.72083,-90.46481,18,6,59.43,123.5
9/14/2015,2015551,-0.72083,-90.46481,18,7,58.97,123.8
9/14/2015,2015551,-0.72083,-90.46481,18,8,60.14,118.6
9/14/2015,2015561,-0.72089,-90.46489,17,1,56.06,104.9
9/14/2015,2015561,-0.72089,-90.46489,17,2,56.6,105.9
9/14/2015,2015561,-0.72089,-90.46489,17,3,55.46,101.5
9/14/2015,2015561,-0.72089,-90.46489,17,4,56.98,106.6
9/14/2015,2015561,-0.72089,-90.46489,17,5,60.5,111.2
9/14/2015,2015561,-0.72089,-90.46489,17,6,59.09,111.4
9/14/2015,2015561,-0.72089,-90.46489,17,7,62.16,104.8
9/14/2015,2015561,-0.72089,-90.46489,17,8,60.17,108.1
9/14/2015,2015561,-0.72089,-90.46489,17,9,54.77,101.6
9/14/2015,2015561,-0.72089,-90.46489,17,10,58.87,111.5
9/14/2015,2015561,-0.72089,-90.46489,17,11,56.33,109.2
9/14/2015,2015571,-0.72052,-90.46507,18,1,58.01,113.5
9/14/2015,2015571,-0.72052,-90.46507,18,2,56.95,105.9
9/14/2015,2015571,-0.72052,-90.46507,18,3,57.96,113
9/14/2015,2015571,-0.72052,-90.46507,18,4,56.73,109.8
9/14/2015,2015571,-0.72052,-90.46507,18,5,57.99,109.9
9/14/2015,2015571,-0.72052,-90.46507,18,6,56.66,104.8
9/14/2015,2015571,-0.72052,-90.46507,18,7,57.3,112.3
9/14/2015,2015571,-0.72052,-90.46507,18,8,57.63,112.4
9/14/2015,2015581,-0.72061,-90.46529,17,1,58.84,120.5
9/14/2015,2015581,-0.72061,-90.46529,17,2,58.7,119.2
9/14/2015,2015581,-0.72061,-90.46529,17,3,59.49,124.1
9/14/2015,2015581,-0.72061,-90.46529,17,4,59.78,120.9
9/14/2015,2015581,-0.72061,-90.46529,17,5,59.37,118
9/14/2015,2015581,-0.72061,-90.46529,17,6,59.48,124.7
9/14/2015,2015581,-0.72061,-90.46529,17,7,59.12,125.7
9/14/2015,2015581,-0.72061,-90.46529,17,8,57.57,114.2
9/14/2015,2015581,-0.72061,-90.46529,17,9,58.95,124.2
9/14/2015,2015581,-0.72061,-90.46529,17,10,58.75,123.7
9/14/2015,2015581,-0.72061,-90.46529,17,11,59.71,120.5
9/14/2015,2015581,-0.72061,-90.46529,17,12,59,119.5
9/14/2015,2015581,-0.72061,-90.46529,17,13,59.12,124.3
9/14/2015,2015581,-0.72061,-90.46529,17,14,58.91,121.2
9/22/2015,2015591,-0.72082,-90.46483,18,1,61.23,130.9
9/22/2015,2015591,-0.72082,-90.46483,18,2,56.4,132.4
9/22/2015,2015591,-0.72082,-90.46483,18,3,56.59,131
9/22/2015,2015591,-0.72082,-90.46483,18,4,61.01,125.9
9/22/2015,2015591,-0.72082,-90.46483,18,5,60,129.8
9/22/2015,2015591,-0.72082,-90.46483,18,6,61.36,132.7
9/22/2015,2015591,-0.72082,-90.46483,18,7,62,131.5
9/22/2015,2015591,-0.72082,-90.46483,18,8,66,137.4
9/22/2015,2015591,-0.72082,-90.46483,18,9,66,133
9/22/2015,2015591,-0.72082,-90.46483,18,10,62,133.3
8/26/2015,2015602,-0.71365,-90.4614,63,1,65.42,160.3
8/26/2015,2015602,-0.71365,-90.4614,63,2,64.75,144.6
8/26/2015,2015602,-0.71365,-90.4614,63,3,65.87,151
8/26/2015,2015602,-0.71365,-90.4614,63,4,65.5,157.2
8/26/2015,2015602,-0.71365,-90.4614,63,5,64.31,157
8/26/2015,2015602,-0.71365,-90.4614,63,6,69.86,156.7
8/26/2015,2015602,-0.71365,-90.4614,63,7,63.15,146.9
8/26/2015,2015602,-0.71365,-90.4614,63,8,66,154.7
8/26/2015,2015612,-0.71366,-90.46136,63,1,64.05,151.1
8/26/2015,2015612,-0.71366,-90.46136,63,2,64.21,137
8/26/2015,2015612,-0.71366,-90.46136,63,3,63.23,153
8/26/2015,2015612,-0.71366,-90.46136,63,4,63.33,146
8/26/2015,2015612,-0.71366,-90.46136,63,5,63.93,167.1
8/26/2015,2015612,-0.71366,-90.46136,63,6,64.23,153.8
8/26/2015,2015622,-0.71268,-90.46046,66,1,58.83,148.8
8/26/2015,2015622,-0.71268,-90.46046,66,2,59.94,153.2
8/26/2015,2015622,-0.71268,-90.46046,66,3,61.91,153.6
8/26/2015,2015632,-0.71153,-90.46247,63,1,59.73,128.4
8/26/2015,2015632,-0.71153,-90.46247,63,2,59.06,129.6
8/26/2015,2015632,-0.71153,-90.46247,63,3,58.08,118.3
8/26/2015,2015632,-0.71153,-90.46247,63,4,50.51,133.4
8/26/2015,2015632,-0.71153,-90.46247,63,5,58.35,128
8/26/2015,2015632,-0.71153,-90.46247,63,6,57.71,125.7
8/26/2015,2015632,-0.71153,-90.46247,63,7,59.98,124.5
8/26/2015,2015632,-0.71153,-90.46247,63,8,57.49,127.8
8/26/2015,2015632,-0.71153,-90.46247,63,9,59.2,129.5
8/26/2015,2015632,-0.71153,-90.46247,63,10,70.77,126.9
8/26/2015,2015632,-0.71153,-90.46247,63,11,57.27,124
8/26/2015,2015632,-0.71153,-90.46247,63,12,59.1,127.3
8/26/2015,2015632,-0.71153,-90.46247,63,13,56.6,104.9
8/26/2015,2015642,-0.7115,-90.46248,63,1,59.32,136.2
8/26/2015,2015642,-0.7115,-90.46248,63,2,59.4,127.5
8/26/2015,2015642,-0.7115,-90.46248,63,3,60.17,126.7
9/16/2015,2015652,-0.71269,-90.46046,66,1,58.34,123.6
9/16/2015,2015652,-0.71269,-90.46046,66,2,61.59,136
9/16/2015,2015652,-0.71269,-90.46046,66,3,63.18,141.6
9/16/2015,2015652,-0.71269,-90.46046,66,4,58.69,120
9/16/2015,2015652,-0.71269,-90.46046,66,5,61.35,130.8
9/16/2015,2015652,-0.71269,-90.46046,66,6,59.82,128.5
9/16/2015,2015652,-0.71269,-90.46046,66,7,61.33,137.9
9/16/2015,2015652,-0.71269,-90.46046,66,8,63.19,142
9/16/2015,2015652,-0.71269,-90.46046,66,9,68.56,141.5
9/16/2015,2015652,-0.71269,-90.46046,66,10,60.6,128.2
9/16/2015,2015662,-0.71271,-90.46049,66,1,61.3,135.3
9/16/2015,2015662,-0.71271,-90.46049,66,2,60.54,125.6
9/16/2015,2015662,-0.71271,-90.46049,66,3,62.67,140.2
9/16/2015,2015662,-0.71271,-90.46049,66,4,61.39,137.5
9/16/2015,2015662,-0.71271,-90.46049,66,5,61.47,136.8
9/16/2015,2015662,-0.71271,-90.46049,66,6,61.2,131.5
9/16/2015,2015662,-0.71271,-90.46049,66,7,61.99,141.6
9/16/2015,2015662,-0.71271,-90.46049,66,8,67.08,140.1
9/16/2015,2015662,-0.71271,-90.46049,66,9,62.01,138.2
9/16/2015,2015672,-0.7119,-90.46284,61,1,58.62,120.4
9/16/2015,2015672,-0.7119,-90.46284,61,2,60.07,124.6
9/16/2015,2015672,-0.7119,-90.46284,61,3,61.08,122.8
9/16/2015,2015672,-0.7119,-90.46284,61,4,59.44,123.4
9/16/2015,2015672,-0.7119,-90.46284,61,5,61.03,130.7
9/16/2015,2015672,-0.7119,-90.46284,61,6,59.33,122.4
9/16/2015,2015672,-0.7119,-90.46284,61,7,60.31,129
9/16/2015,2015672,-0.7119,-90.46284,61,8,60.29,126.8
9/16/2015,2015672,-0.7119,-90.46284,61,9,59.5,124
9/16/2015,2015672,-0.7119,-90.46284,61,10,59.57,122.4
9/16/2015,2015672,-0.7119,-90.46284,61,11,59.93,126.1
9/16/2015,2015682,-0.71108,-90.45934,69,1,61.08,136.7
9/16/2015,2015682,-0.71108,-90.45934,69,2,60.98,128.8
9/16/2015,2015682,-0.71108,-90.45934,69,3,60.28,129.5
9/16/2015,2015682,-0.71108,-90.45934,69,4,60.37,127.6
9/16/2015,2015682,-0.71108,-90.45934,69,5,60.5,129.8
9/16/2015,2015682,-0.71108,-90.45934,69,6,61.26,133.8
9/16/2015,2015682,-0.71108,-90.45934,69,7,62.72,136.8
9/16/2015,2015682,-0.71108,-90.45934,69,8,59.83,134.7
9/16/2015,2015682,-0.71108,-90.45934,69,9,62.33,134.4
9/16/2015,2015682,-0.71108,-90.45934,69,10,61.35,131.9
9/16/2015,2015682,-0.71108,-90.45934,69,11,62.42,136.2
9/16/2015,2015682,-0.71108,-90.45934,69,12,64.91,135.5
9/16/2015,2015682,-0.71108,-90.45934,69,13,60.96,133.2
9/16/2015,2015692,0,0,0,1,54.08,96.4
9/16/2015,2015692,0,0,0,2,54.9,98.2
9/16/2015,2015692,0,0,0,3,55.61,100.8
9/16/2015,2015692,0,0,0,4,56.29,103.8
9/16/2015,2015692,0,0,0,5,59.31,103.1
8/25/2015,2015703,-0.70006,-90.4565,106,1,61.29,137.8
8/25/2015,2015703,-0.70006,-90.4565,106,2,60.42,134.7
8/25/2015,2015703,-0.70006,-90.4565,106,3,61.87,139.5
8/25/2015,2015703,-0.70006,-90.4565,106,4,59.93,135.6
8/25/2015,2015703,-0.70006,-90.4565,106,5,71.46,137.3
8/25/2015,2015703,-0.70006,-90.4565,106,6,61.8,132.9
8/25/2015,2015713,-0.69991,-90.45766,106,1,58.14,119.4
8/25/2015,2015713,-0.69991,-90.45766,106,2,59.19,120.7
8/25/2015,2015713,-0.69991,-90.45766,106,3,62.98,129.2
8/25/2015,2015713,-0.69991,-90.45766,106,4,61.77,122.8
8/25/2015,2015713,-0.69991,-90.45766,106,5,64.03,128.5
8/25/2015,2015713,-0.69991,-90.45766,106,6,64.64,124.7
8/25/2015,2015713,-0.69991,-90.45766,106,7,61.43,122.6
8/25/2015,2015713,-0.69991,-90.45766,106,8,60.93,122.6
8/25/2015,2015713,-0.69991,-90.45766,106,9,63.65,132.5
8/25/2015,2015713,-0.69991,-90.45766,106,10,59.7,121.1
8/25/2015,2015713,-0.69991,-90.45766,106,11,60.58,126
8/25/2015,2015713,-0.69991,-90.45766,106,12,59.85,127.8
8/25/2015,2015713,-0.69991,-90.45766,106,13,63.7,128
8/25/2015,2015713,-0.69991,-90.45766,106,14,62.69,128.3
8/25/2015,2015723,-0.6999,-90.45766,106,1,60.12,129.5
8/25/2015,2015723,-0.6999,-90.45766,106,2,57.71,115.4
8/25/2015,2015723,-0.6999,-90.45766,106,3,57.7,120.4
8/25/2015,2015723,-0.6999,-90.45766,106,4,61.17,133.2
8/25/2015,2015723,-0.6999,-90.45766,106,5,64.33,135.8
8/25/2015,2015723,-0.6999,-90.45766,106,6,61.51,135
8/25/2015,2015723,-0.6999,-90.45766,106,7,59.28,124.2
8/25/2015,2015723,-0.6999,-90.45766,106,8,62.59,132.7
8/25/2015,2015723,-0.6999,-90.45766,106,9,58.98,121.2
8/25/2015,2015723,-0.6999,-90.45766,106,10,65.5,131.8
8/25/2015,2015723,-0.6999,-90.45766,106,11,59.82,127.6
8/25/2015,2015723,-0.6999,-90.45766,106,12,58.85,118.8
8/25/2015,2015723,-0.6999,-90.45766,106,13,59.31,123.3
8/25/2015,2015723,-0.6999,-90.45766,106,14,59.66,124.1
9/21/2015,2015733,-0.70019,-90.4563,107,1,62.36,118.4
9/21/2015,2015733,-0.70019,-90.4563,107,2,60,113
9/21/2015,2015733,-0.70019,-90.4563,107,3,57.33,116.1
9/21/2015,2015733,-0.70019,-90.4563,107,4,62.53,114.7
9/21/2015,2015733,-0.70019,-90.4563,107,5,59.32,122.9
9/21/2015,2015733,-0.70019,-90.4563,107,6,58.88,119.1
9/21/2015,2015733,-0.70019,-90.4563,107,7,57.83,109.4
9/21/2015,2015733,-0.70019,-90.4563,107,8,59.38,118.2
9/21/2015,2015743,-0.69992,-90.45773,106,1,58.96,125.6
9/21/2015,2015743,-0.69992,-90.45773,106,2,60.54,125
9/21/2015,2015743,-0.69992,-90.45773,106,3,58.5,121.7
9/21/2015,2015743,-0.69992,-90.45773,106,4,59.19,117.4
9/21/2015,2015743,-0.69992,-90.45773,106,5,60.19,123.3
9/21/2015,2015743,-0.69992,-90.45773,106,6,60.07,125.7
9/21/2015,2015743,-0.69992,-90.45773,106,7,58.59,121.7
9/21/2015,2015743,-0.69992,-90.45773,106,8,58.61,124.1
9/21/2015,2015743,-0.69992,-90.45773,106,9,60.51,130.3
9/21/2015,2015743,-0.69992,-90.45773,106,10,63.8,128.1
9/21/2015,2015743,-0.69992,-90.45773,106,11,61.62,131.7
9/21/2015,2015743,-0.69992,-90.45773,106,12,57.88,120.4
9/21/2015,2015743,-0.69992,-90.45773,106,13,61.4,128
9/21/2015,2015753,-0.69992,-90.45774,106,1,55.86,103.8
9/21/2015,2015753,-0.69992,-90.45774,106,2,54.83,99
9/21/2015,2015753,-0.69992,-90.45774,106,3,56.39,104.8
9/21/2015,2015753,-0.69992,-90.45774,106,4,55.78,104.3
9/21/2015,2015753,-0.69992,-90.45774,106,5,54.4,88.7
9/21/2015,2015753,-0.69992,-90.45774,106,6,56.78,107.1
9/21/2015,2015753,-0.69992,-90.45774,106,7,57.45,108.3
9/21/2015,2015753,-0.69992,-90.45774,106,8,56.32,105.7
9/21/2015,2015753,-0.69992,-90.45774,106,9,56.55,107.2
9/21/2015,2015753,-0.69992,-90.45774,106,10,61.5,112
9/21/2015,2015763,-0.69989,-90.45768,106,1,63.15,137.7
9/21/2015,2015763,-0.69989,-90.45768,106,2,60.99,124.1
9/21/2015,2015763,-0.69989,-90.45768,106,3,62.18,135.7
9/21/2015,2015763,-0.69989,-90.45768,106,4,63.05,141.6
9/21/2015,2015763,-0.69989,-90.45768,106,5,60.59,127.8
9/21/2015,2015763,-0.69989,-90.45768,106,6,63.5,147.6
9/21/2015,2015763,-0.69989,-90.45768,106,7,62.83,141.1
9/21/2015,2015763,-0.69989,-90.45768,106,8,64.96,143.5
9/21/2015,2015763,-0.69989,-90.45768,106,9,72.11,151.6
9/21/2015,2015763,-0.69989,-90.45768,106,10,66.38,149.6
9/21/2015,2015763,-0.69989,-90.45768,106,11,60.94,129.9
9/29/2015,2015773,-0.70008,-90.45645,106,1,57.7,110.3
9/29/2015,2015773,-0.70008,-90.45645,106,2,57.33,108.8
9/29/2015,2015773,-0.70008,-90.45645,106,3,57.71,109.7
9/29/2015,2015773,-0.70008,-90.45645,106,4,58.27,115.8
9/29/2015,2015773,-0.70008,-90.45645,106,5,59.15,109
10/12/2015,2015783,-0.70011,-90.4564,107,1,63.28,123.7
10/12/2015,2015783,-0.70011,-90.4564,107,2,61.14,122.5
10/12/2015,2015783,-0.70011,-90.4564,107,3,59.57,127.1
10/12/2015,2015783,-0.70011,-90.4564,107,4,57.5,116
10/12/2015,2015783,-0.70011,-90.4564,107,5,60.28,118.8
10/12/2015,2015783,-0.70011,-90.4564,107,6,59.89,117
10/12/2015,2015783,-0.70011,-90.4564,107,7,60.09,121.6
10/12/2015,2015783,-0.70011,-90.4564,107,8,63.15,129.5
10/12/2015,2015783,-0.70011,-90.4564,107,9,59.58,123.2
10/12/2015,2015793,-0.70011,-90.45648,106,1,59.32,126.2
10/12/2015,2015793,-0.70011,-90.45648,106,2,61.98,135
10/12/2015,2015793,-0.70011,-90.45648,106,3,64.97,141.3
10/12/2015,2015793,-0.70011,-90.45648,106,4,62.94,139.2
10/12/2015,2015793,-0.70011,-90.45648,106,5,62.52,145.8
10/12/2015,2015793,-0.70011,-90.45648,106,6,59.87,125.1
10/12/2015,2015793,-0.70011,-90.45648,106,7,62.74,139.3
10/12/2015,2015793,-0.70011,-90.45648,106,8,63.05,144.4
10/12/2015,2015793,-0.70011,-90.45648,106,9,70.07,142.8
10/12/2015,2015793,-0.70011,-90.45648,106,10,61.98,137
10/12/2015,2015793,-0.70011,-90.45648,106,11,61.01,130.6
10/12/2015,2015793,-0.70011,-90.45648,106,12,60.8,126.5
10/12/2015,2015793,-0.70011,-90.45648,106,13,61.27,134.1
7/11/2016,201611,-0.62318,-90.22575,89,1,60,112.3
7/11/2016,201611,-0.62318,-90.22575,89,2,62,115.2
7/11/2016,201611,-0.62318,-90.22575,89,3,60,111.5
7/11/2016,201611,-0.62318,-90.22575,89,4,59,106.6
7/11/2016,201611,-0.62318,-90.22575,89,5,67,118.7
7/11/2016,201611,-0.62318,-90.22575,89,6,74,113.6
7/18/2016,2016102,-0.63576,-90.24135,169,1,59,114.8
7/18/2016,2016102,-0.63576,-90.24135,169,2,57,108.7
7/18/2016,2016102,-0.63576,-90.24135,169,3,57,109.1
7/18/2016,2016102,-0.63576,-90.24135,169,4,61,115.8
7/18/2016,2016102,-0.63576,-90.24135,169,5,58,108.2
7/18/2016,2016102,-0.63576,-90.24135,169,6,57,107.4
7/18/2016,2016102,-0.63576,-90.24135,169,7,70,121.7
7/18/2016,2016102,-0.63576,-90.24135,169,8,57,107.5
7/18/2016,2016102,-0.63576,-90.24135,169,9,57,110.6
7/18/2016,2016102,-0.63576,-90.24135,169,10,59,111.4
7/18/2016,2016102,-0.63576,-90.24135,169,11,60,106.7
7/18/2016,2016102,-0.63576,-90.24135,169,12,58,108.9
7/18/2016,2016102,-0.63576,-90.24135,169,13,58,110.8
7/18/2016,2016102,-0.63576,-90.24135,169,14,56,106.1
7/14/2016,20161003,-0.70079,-90.4558,96,1,59,116.5
7/14/2016,20161003,-0.70079,-90.4558,96,2,57,109.3
7/14/2016,20161003,-0.70079,-90.4558,96,3,57,111.6
7/14/2016,20161003,-0.70079,-90.4558,96,4,58,107.8
7/14/2016,20161003,-0.70079,-90.4558,96,5,58,113
7/14/2016,20161003,-0.70079,-90.4558,96,6,58,118.8
7/14/2016,20161003,-0.70079,-90.4558,96,7,57,106.3
7/14/2016,20161003,-0.70079,-90.4558,96,8,57,112.2
7/14/2016,20161003,-0.70079,-90.4558,96,9,59,122.2
7/14/2016,20161003,-0.70079,-90.4558,96,10,58,115.5
7/14/2016,20161003,-0.70079,-90.4558,96,11,57,107.7
7/14/2016,20161003,-0.70079,-90.4558,96,12,56,104
7/18/2016,2016112,-0.63501,-90.24294,171,1,58,107.5
7/18/2016,2016112,-0.63501,-90.24294,171,2,57,111.2
7/18/2016,2016112,-0.63501,-90.24294,171,3,58,111.6
7/18/2016,2016112,-0.63501,-90.24294,171,4,61,107.9
7/18/2016,2016112,-0.63501,-90.24294,171,5,57,108.8
7/18/2016,2016112,-0.63501,-90.24294,171,6,57,110.3
7/18/2016,2016122,-0.6363,-90.24196,172,1,57,109.6
7/18/2016,2016122,-0.6363,-90.24196,172,2,57,111.4
7/18/2016,2016122,-0.6363,-90.24196,172,3,63,115.4
7/18/2016,2016122,-0.6363,-90.24196,172,4,60,114.4
7/18/2016,2016122,-0.6363,-90.24196,172,5,59,115.5
7/18/2016,2016122,-0.6363,-90.24196,172,6,57,107.8
7/18/2016,2016122,-0.6363,-90.24196,172,7,56,105.2
7/18/2016,2016122,-0.6363,-90.24196,172,8,55,100.2
7/21/2016,201621,-0.6239,-90.22679,91,1,60,115.7
7/21/2016,201621,-0.6239,-90.22679,91,2,58,113.7
7/21/2016,201621,-0.6239,-90.22679,91,3,59,115.4
7/21/2016,201621,-0.6239,-90.22679,91,4,60,117.8
7/21/2016,201621,-0.6239,-90.22679,91,5,60,114.6
7/21/2016,201621,-0.6239,-90.22679,91,6,58,115
7/21/2016,201621,-0.6239,-90.22679,91,7,59,113.7
7/13/2016,2016801,-0.72089,-90.4649,17,1,57,105.5
7/13/2016,2016801,-0.72089,-90.4649,17,2,59,105.9
7/13/2016,2016801,-0.72089,-90.4649,17,3,55,98.5
7/13/2016,2016801,-0.72089,-90.4649,17,4,55,97.4
7/13/2016,2016801,-0.72089,-90.4649,17,5,56,104.6
7/13/2016,2016801,-0.72089,-90.4649,17,6,56,105.8
7/13/2016,2016801,-0.72089,-90.4649,17,7,56,101.6
7/13/2016,2016801,-0.72089,-90.4649,17,8,59,101.9
7/13/2016,2016801,-0.72089,-90.4649,17,9,56,102.6
7/13/2016,2016811,-0.72073,-90.46497,18,1,62,137.7
7/13/2016,2016811,-0.72073,-90.46497,18,2,62,136.5
7/13/2016,2016811,-0.72073,-90.46497,18,3,63,138.2
7/13/2016,2016811,-0.72073,-90.46497,18,4,64,141.3
7/13/2016,2016811,-0.72073,-90.46497,18,5,63,137.7
7/13/2016,2016811,-0.72073,-90.46497,18,6,62,135.7
7/13/2016,2016811,-0.72073,-90.46497,18,7,63,141.2
7/13/2016,2016811,-0.72073,-90.46497,18,8,61,134.9
7/13/2016,2016811,-0.72073,-90.46497,18,9,61,134.6
6/27/2016,2016902,-0.71167,-90.46125,66,1,61,129.5
6/27/2016,2016902,-0.71167,-90.46125,66,2,61,131.6
6/27/2016,2016902,-0.71167,-90.46125,66,3,59,122.7
6/27/2016,2016902,-0.71167,-90.46125,66,4,60,126.9
6/27/2016,2016902,-0.71167,-90.46125,66,5,60,125.8
6/27/2016,2016902,-0.71167,-90.46125,66,6,60,128.2
6/27/2016,2016902,-0.71167,-90.46125,66,7,61,129.4
6/27/2016,2016902,-0.71167,-90.46125,66,8,61,129.4
6/27/2016,2016902,-0.71167,-90.46125,66,9,60,124.8
6/27/2016,2016902,-0.71167,-90.46125,66,10,60,122.2
7/14/2016,2016912,-0.7109,-90.46014,68,1,62,131.6
7/14/2016,2016912,-0.7109,-90.46014,68,2,63,137.8
7/14/2016,2016912,-0.7109,-90.46014,68,3,62,140.3
7/14/2016,2016912,-0.7109,-90.46014,68,4,65,141.1
7/14/2016,2016912,-0.7109,-90.46014,68,5,62,136.2
7/14/2016,2016912,-0.7109,-90.46014,68,6,62,136.2
7/14/2016,2016912,-0.7109,-90.46014,68,7,62,137.7
7/14/2016,2016912,-0.7109,-90.46014,68,8,64,140
7/14/2016,2016912,-0.7109,-90.46014,68,9,61,136.3
7/14/2016,2016912,-0.7109,-90.46014,68,10,61,134.6
7/14/2016,2016912,-0.7109,-90.46014,68,11,62,142.9
7/14/2016,2016922,-0.714,-90.45765,62,1,62,146.2
7/14/2016,2016922,-0.714,-90.45765,62,2,62,137.8
7/14/2016,2016922,-0.714,-90.45765,62,3,62,135.7
7/14/2016,2016922,-0.714,-90.45765,62,4,60,131.1
7/14/2016,2016922,-0.714,-90.45765,62,5,60,132.6
7/20/2016,2016932,-0.71193,-90.46188,63,1,62,141.1
7/20/2016,2016932,-0.71193,-90.46188,63,2,61,134.3
7/20/2016,2016932,-0.71193,-90.46188,63,3,61,134.3
7/20/2016,2016932,-0.71193,-90.46188,63,4,63,129.4
7/20/2016,2016932,-0.71193,-90.46188,63,5,70,146.9
7/20/2016,2016932,-0.71193,-90.46188,63,6,64,142.4
7/20/2016,2016932,-0.71193,-90.46188,63,7,62,134.9
7/20/2016,2016932,-0.71193,-90.46188,63,8,63,137.2
7/20/2016,2016932,-0.71193,-90.46188,63,9,63,136.9
7/20/2016,2016932,-0.71193,-90.46188,63,10,62,141.2
7/20/2016,2016932,-0.71193,-90.46188,63,11,63,139.8
7/20/2016,2016932,-0.71193,-90.46188,63,12,63,137.8
7/20/2016,2016932,-0.71193,-90.46188,63,13,62,125.3
7/20/2016,2016942,-0.71192,-90.46282,61,1,61,137.7
7/20/2016,2016942,-0.71192,-90.46282,61,2,61,135.6
7/20/2016,2016942,-0.71192,-90.46282,61,3,62,136.5
7/20/2016,2016942,-0.71192,-90.46282,61,4,62,135.4
7/20/2016,2016942,-0.71192,-90.46282,61,5,64,137.9
7/20/2016,2016942,-0.71192,-90.46282,61,6,62,135
7/20/2016,2016942,-0.71192,-90.46282,61,7,63,137
7/20/2016,2016942,-0.71192,-90.46282,61,8,62,132.8
7/20/2016,2016942,-0.71192,-90.46282,61,9,62,134.7
7/20/2016,2016942,-0.71192,-90.46282,61,10,61,132.2
7/20/2016,2016952,-0.71174,-90.46014,67,1,56,109.2
7/20/2016,2016952,-0.71174,-90.46014,67,2,54,117.2
7/20/2016,2016952,-0.71174,-90.46014,67,3,58,112.8
7/20/2016,2016952,-0.71174,-90.46014,67,4,59,116.4
7/20/2016,2016952,-0.71174,-90.46014,67,5,61,116.8
7/20/2016,2016952,-0.71174,-90.46014,67,6,59,118.3
7/20/2016,2016952,-0.71174,-90.46014,67,7,59,115.5
7/20/2016,2016952,-0.71174,-90.46014,67,8,57,115.4
7/20/2016,2016952,-0.71174,-90.46014,67,9,59,116.1
7/28/2016,2016821,-0.72078,-90.46497,18,1,58,115
7/28/2016,2016821,-0.72078,-90.46497,18,2,59,114.6
7/28/2016,2016821,-0.72078,-90.46497,18,3,58,106.6
7/28/2016,2016821,-0.72078,-90.46497,18,4,58,116.5
7/28/2016,2016821,-0.72078,-90.46497,18,5,58,112.8
7/28/2016,2016821,-0.72078,-90.46497,18,6,60,115.6
7/28/2016,2016821,-0.72078,-90.46497,18,7,58,114.2
7/28/2016,2016821,-0.72078,-90.46497,18,8,58,110
7/28/2016,2016821,-0.72078,-90.46497,18,9,57,112.9
7/28/2016,2016821,-0.72078,-90.46497,18,10,60,117.7
7/28/2016,2016831,-0.72071,-90.46529,16,1,59,117
7/28/2016,2016831,-0.72071,-90.46529,16,2,58,117
8/1/2016,20161013,-0.70011,-90.45632,107,1,61,130
8/1/2016,20161013,-0.70011,-90.45632,107,2,65,145
8/1/2016,20161013,-0.70011,-90.45632,107,3,62,134.4
8/1/2016,20161013,-0.70011,-90.45632,107,4,61,132.3
8/1/2016,20161013,-0.70011,-90.45632,107,5,62,136
8/1/2016,20161013,-0.70011,-90.45632,107,6,62,136.5
8/1/2016,20161013,-0.70011,-90.45632,107,7,61,128.2
8/1/2016,20161013,-0.70011,-90.45632,107,8,61,130
8/1/2016,20161013,-0.70011,-90.45632,107,9,61,135.3
8/1/2016,20161013,-0.70011,-90.45632,107,10,62,137.7
8/1/2016,20161013,-0.70011,-90.45632,107,11,61,134.7
8/1/2016,20161013,-0.70011,-90.45632,107,12,63,142.3
8/1/2016,20161013,-0.70011,-90.45632,107,13,63,143.1
8/1/2016,20161013,-0.70011,-90.45632,107,14,64,146.8
8/1/2016,20161023,-0.70006,-90.45629,107,1,58,118.5
8/1/2016,20161023,-0.70006,-90.45629,107,2,59,120.3
8/1/2016,20161023,-0.70006,-90.45629,107,3,59,122.6
8/1/2016,20161023,-0.70006,-90.45629,107,4,59,122.4
8/1/2016,20161023,-0.70006,-90.45629,107,5,58,117.8
8/1/2016,20161023,-0.70006,-90.45629,107,6,58,118.7
8/1/2016,20161023,-0.70006,-90.45629,107,7,57,113.4
8/1/2016,20161033,-0.69809,-90.45625,127,1,63,125.7
8/1/2016,20161033,-0.69809,-90.45625,127,2,60,128
8/1/2016,20161033,-0.69809,-90.45625,127,3,61,131.9
8/1/2016,20161033,-0.69809,-90.45625,127,4,61,128.6
8/1/2016,20161033,-0.69809,-90.45625,127,5,64,131.2
8/1/2016,20161033,-0.69809,-90.45625,127,6,61,127.7
8/1/2016,20161033,-0.69809,-90.45625,127,7,60,129.9
8/1/2016,20161033,-0.69809,-90.45625,127,8,61,127.5
8/1/2016,20161033,-0.69809,-90.45625,127,9,63,132.5
8/1/2016,20161033,-0.69809,-90.45625,127,10,61,130.6
8/1/2016,20161043,-0.69802,-90.45618,129,1,59,126.2
8/1/2016,20161043,-0.69802,-90.45618,129,2,59,129.1
8/1/2016,20161043,-0.69802,-90.45618,129,3,61,128.6
8/1/2016,20161043,-0.69802,-90.45618,129,4,59,127.8
8/1/2016,20161043,-0.69802,-90.45618,129,5,60,127.4
8/1/2016,20161043,-0.69802,-90.45618,129,6,61,131.6
8/1/2016,20161043,-0.69802,-90.45618,129,7,59,122.3
8/1/2016,20161043,-0.69802,-90.45618,129,8,62,133.5
8/1/2016,20161043,-0.69802,-90.45618,129,9,62,123.4
8/1/2016,20161043,-0.69802,-90.45618,129,10,63,130.4
8/1/2016,20161043,-0.69802,-90.45618,129,11,59,132.8
8/1/2016,20161043,-0.69802,-90.45618,129,12,61,122.7
8/2/2016,2016962,-0.71167,-90.46151,65,1,60,133.8
8/2/2016,2016962,-0.71167,-90.46151,65,2,62,134.3
8/2/2016,2016962,-0.71167,-90.46151,65,3,61,136.2
8/2/2016,2016962,-0.71167,-90.46151,65,4,60,132.7
8/2/2016,2016962,-0.71167,-90.46151,65,5,62,131.8
8/2/2016,2016962,-0.71167,-90.46151,65,6,62,134.1
8/2/2016,2016962,-0.71167,-90.46151,65,7,60,129.7
8/2/2016,2016962,-0.71167,-90.46151,65,8,60,131.3
8/2/2016,2016962,-0.71167,-90.46151,65,9,60,128.4
8/2/2016,2016962,-0.71167,-90.46151,65,10,65,130.6
8/2/2016,2016962,-0.71167,-90.46151,65,11,59,125.4
8/2/2016,2016962,-0.71167,-90.46151,65,12,60,131.6
8/2/2016,2016972,-0.71165,-90.46149,65,1,57,114.2
8/2/2016,2016972,-0.71165,-90.46149,65,2,59,114.9
8/2/2016,2016972,-0.71165,-90.46149,65,3,59,123.1
8/2/2016,2016972,-0.71165,-90.46149,65,4,58,118.3
8/2/2016,2016972,-0.71165,-90.46149,65,5,61,121
8/2/2016,2016972,-0.71165,-90.46149,65,6,58,116.6
8/2/2016,2016972,-0.71165,-90.46149,65,7,69,123.3
8/2/2016,2016972,-0.71165,-90.46149,65,8,60,116.4
8/2/2016,2016972,-0.71165,-90.46149,65,9,59,114.5
8/2/2016,2016972,-0.71165,-90.46149,65,10,65,118.8
8/15/2016,2016982,-0.71169,-90.46145,65,1,55,104.2
8/15/2016,2016982,-0.71169,-90.46145,65,2,57,109.4
8/15/2016,2016982,-0.71169,-90.46145,65,3,56,111.3
8/15/2016,2016982,-0.71169,-90.46145,65,4,56,107.4
8/15/2016,2016982,-0.71169,-90.46145,65,5,56,109.7
8/15/2016,2016982,-0.71169,-90.46145,65,6,57,112.3
8/15/2016,2016982,-0.71169,-90.46145,65,7,58,112.8
8/15/2016,2016982,-0.71169,-90.46145,65,8,57,106.8
8/15/2016,2016982,-0.71169,-90.46145,65,9,57,114.5
8/15/2016,2016982,-0.71169,-90.46145,65,10,57,110
8/15/2016,2016982,-0.71169,-90.46145,65,11,59,113.1
8/15/2016,2016982,-0.71169,-90.46145,65,12,57,109.6
8/15/2016,2016982,-0.71169,-90.46145,65,13,56,103.6
8/15/2016,2016982,-0.71169,-90.46145,65,14,55,99.9
8/15/2016,2016982,-0.71169,-90.46145,65,15,56,106.3
8/15/2016,2016982,-0.71169,-90.46145,65,16,57,106.1
8/15/2016,20161053,-0.69991,-90.45768,106,1,63,139
8/15/2016,20161053,-0.69991,-90.45768,106,2,63,136.3
8/15/2016,20161053,-0.69991,-90.45768,106,3,61,122.5
8/15/2016,20161053,-0.69991,-90.45768,106,4,61,123.3
8/15/2016,20161053,-0.69991,-90.45768,106,5,63,131.4
8/15/2016,20161053,-0.69991,-90.45768,106,6,67,138.5
8/15/2016,20161053,-0.69991,-90.45768,106,7,64,139.7
8/15/2016,20161053,-0.69991,-90.45768,106,8,63,136
8/15/2016,20161063,-0.69808,-90.45625,127,1,60,125.7
8/15/2016,20161063,-0.69808,-90.45625,127,2,59,122.7
8/15/2016,20161063,-0.69808,-90.45625,127,3,61,121.9
8/15/2016,20161063,-0.69808,-90.45625,127,4,61,127.3
8/15/2016,20161063,-0.69808,-90.45625,127,5,60,126.4
8/15/2016,20161063,-0.69808,-90.45625,127,6,60,122.9
8/15/2016,20161063,-0.69808,-90.45625,127,7,64,131.4
8/15/2016,20161063,-0.69808,-90.45625,127,8,63,129.8
8/15/2016,20161063,-0.69808,-90.45625,127,9,58,118.3
8/15/2016,20161063,-0.69808,-90.45625,127,10,58,120.6
8/18/2016,201631,-0.62328,-90.22612,90,1,61,131.6
8/18/2016,201631,-0.62328,-90.22612,90,2,60,119.1
8/18/2016,201631,-0.62328,-90.22612,90,3,62,133
8/18/2016,201631,-0.62328,-90.22612,90,4,65,136.1
8/18/2016,201631,-0.62328,-90.22612,90,5,65,134.8
8/18/2016,201631,-0.62328,-90.22612,90,6,60,127.3
8/18/2016,201641,-0.62386,-90.22678,91,1,57,112.1
8/18/2016,201641,-0.62386,-90.22678,91,2,56,108.7
8/18/2016,201641,-0.62386,-90.22678,91,3,58,113.8
8/18/2016,201641,-0.62386,-90.22678,91,4,58,111.3
8/18/2016,201641,-0.62386,-90.22678,91,5,58,113.6
8/18/2016,201641,-0.62386,-90.22678,91,6,58,111.2
8/18/2016,201641,-0.62386,-90.22678,91,7,57,109.4
8/18/2016,201641,-0.62386,-90.22678,91,8,59,113.5
8/22/2016,20161073,-0.70014,-90.45651,106,1,59,117
8/22/2016,20161073,-0.70014,-90.45651,106,2,58,116
8/22/2016,20161073,-0.70014,-90.45651,106,3,60,112
8/22/2016,20161073,-0.70014,-90.45651,106,4,59,114
8/22/2016,20161073,-0.70014,-90.45651,106,5,59,114
8/22/2016,20161073,-0.70014,-90.45651,106,6,60,114
8/22/2016,20161073,-0.70014,-90.45651,106,7,58,114
8/22/2016,20161073,-0.70014,-90.45651,106,8,58,113
8/22/2016,2016841,-0.72214,-90.46418,12,1,65,99.9
8/22/2016,2016841,-0.72214,-90.46418,12,2,62,109.1
8/22/2016,2016841,-0.72214,-90.46418,12,3,63,99.4
8/22/2016,2016841,-0.72214,-90.46418,12,4,60,92.3
8/22/2016,2016841,-0.72214,-90.46418,12,5,61,104
8/30/2016,201651,-0.62365,-90.22861,98,1,69,124.5
8/30/2016,201651,-0.62365,-90.22861,98,2,69,129.6
8/30/2016,201651,-0.62365,-90.22861,98,3,72,126.2
8/30/2016,201651,-0.62365,-90.22861,98,4,70,132.6
8/31/2016,2016851,-0.72082,-90.46478,18,1,61,122.6
8/31/2016,2016851,-0.72082,-90.46478,18,2,60,118.2
8/31/2016,2016851,-0.72082,-90.46478,18,3,59,116
8/31/2016,2016851,-0.72082,-90.46478,18,4,59,114
8/31/2016,2016851,-0.72082,-90.46478,18,5,58,115.7
8/31/2016,2016851,-0.72082,-90.46478,18,6,61,120.9
8/31/2016,2016851,-0.72082,-90.46478,18,7,59,114.9
9/7/2016,20161083,-0.70024,-90.45629,104,1,60,128.7
9/7/2016,20161083,-0.70024,-90.45629,104,2,62,135.7
9/7/2016,20161083,-0.70024,-90.45629,104,3,64,126.8
9/7/2016,20161083,-0.70024,-90.45629,104,4,61,128.7
9/7/2016,20161083,-0.70024,-90.45629,104,5,63,125.5
9/7/2016,20161083,-0.70024,-90.45629,104,6,59,128.7
9/7/2016,20161083,-0.70024,-90.45629,104,7,61,130.1
9/7/2016,20161093,-0.7002,-90.45632,104,1,58,116.5
9/7/2016,20161093,-0.7002,-90.45632,104,2,60,115.3
9/7/2016,20161093,-0.7002,-90.45632,104,3,60,122.2
9/7/2016,20161093,-0.7002,-90.45632,104,4,60,119.7
9/7/2016,20161093,-0.7002,-90.45632,104,5,63,123.7
9/7/2016,20161093,-0.7002,-90.45632,104,6,59,118.7
9/7/2016,20161093,-0.7002,-90.45632,104,7,59,121.3
9/7/2016,20161093,-0.7002,-90.45632,104,8,59,119.8
9/7/2016,20161093,-0.7002,-90.45632,104,9,69,120.5
9/7/2016,20161093,-0.7002,-90.45632,104,10,61,125.2
9/7/2016,20161093,-0.7002,-90.45632,104,11,61,124.5
9/8/2016,201661,-0.62301,-90.22897,99,1,58,119.5
9/8/2016,201661,-0.62301,-90.22897,99,2,59,119
9/8/2016,201661,-0.62301,-90.22897,99,3,61,123
9/8/2016,201661,-0.62301,-90.22897,99,4,60,121.3
9/8/2016,201661,-0.62301,-90.22897,99,5,59,120.6
9/8/2016,201661,-0.62301,-90.22897,99,6,60,123.7
9/8/2016,201661,-0.62301,-90.22897,99,7,62,125
9/8/2016,201661,-0.62301,-90.22897,99,8,60,120.1
9/8/2016,201661,-0.62301,-90.22897,99,9,59,120.3
9/12/2016,2016132,-0.63482,-90.24141,164,1,63,141.8
9/12/2016,2016132,-0.63482,-90.24141,164,2,62,138.2
9/12/2016,2016132,-0.63482,-90.24141,164,3,60,128.5
9/12/2016,2016132,-0.63482,-90.24141,164,4,61,130.3
9/12/2016,2016132,-0.63482,-90.24141,164,5,61,122.1
9/12/2016,2016132,-0.63482,-90.24141,164,6,62,133.6
9/12/2016,2016132,-0.63482,-90.24141,164,7,62,141.7
9/12/2016,2016132,-0.63482,-90.24141,164,8,62,138.7
9/12/2016,2016132,-0.63482,-90.24141,164,9,62,135.3
9/12/2016,2016142,-0.63495,-90.24151,165,1,60,115.5
9/12/2016,2016142,-0.63495,-90.24151,165,2,60,128.1
9/12/2016,2016142,-0.63495,-90.24151,165,3,59,131.7
9/12/2016,2016142,-0.63495,-90.24151,165,4,59,129.7
9/12/2016,2016142,-0.63495,-90.24151,165,5,62,134.4
9/12/2016,2016142,-0.63495,-90.24151,165,6,64,131.9
9/12/2016,2016142,-0.63495,-90.24151,165,7,64,132.9
9/12/2016,2016142,-0.63495,-90.24151,165,8,61,131.1
9/12/2016,2016142,-0.63495,-90.24151,165,9,61,130.6
9/12/2016,2016142,-0.63495,-90.24151,165,10,60,132.9
9/12/2016,2016142,-0.63495,-90.24151,165,11,62,133.6
9/12/2016,2016152,-0.63649,-90.24212,173,1,61,132.5
9/12/2016,2016152,-0.63649,-90.24212,173,2,60,130.5
9/12/2016,2016152,-0.63649,-90.24212,173,3,60,128.6
9/12/2016,2016152,-0.63649,-90.24212,173,4,61,130.1
9/12/2016,2016152,-0.63649,-90.24212,173,5,61,134.5
9/12/2016,2016152,-0.63649,-90.24212,173,6,62,135.6
9/12/2016,2016152,-0.63649,-90.24212,173,7,62,134.7
9/12/2016,2016152,-0.63649,-90.24212,173,8,62,135.3
9/12/2016,2016152,-0.63649,-90.24212,173,9,63,141.7
9/12/2016,2016152,-0.63649,-90.24212,173,10,65,137.1
9/12/2016,2016152,-0.63649,-90.24212,173,11,63,137.3
9/12/2016,2016152,-0.63649,-90.24212,173,12,65,143.6
9/13/2016,2016861,-0.72072,-90.46473,19,1,59,110.5
9/13/2016,2016861,-0.72072,-90.46473,19,2,59,103.6
9/13/2016,2016861,-0.72072,-90.46473,19,3,58,111.9
9/13/2016,2016861,-0.72072,-90.46473,19,4,61,111
9/13/2016,2016861,-0.72072,-90.46473,19,5,59,108
9/19/2016,20161103,-0.69309,-90.45045,146,1,59,120.7
9/19/2016,20161103,-0.69309,-90.45045,146,2,61,127.7
9/19/2016,20161103,-0.69309,-90.45045,146,3,57,106.7
9/19/2016,20161103,-0.69309,-90.45045,146,4,59,121.4
9/19/2016,20161103,-0.69309,-90.45045,146,5,60,130.1
9/19/2016,20161103,-0.69309,-90.45045,146,6,61,130.4
9/19/2016,20161103,-0.69309,-90.45045,146,7,62,133.6
9/19/2016,20161103,-0.69309,-90.45045,146,8,61,134.2
9/19/2016,20161103,-0.69309,-90.45045,146,9,60,128.5
9/19/2016,20161103,-0.69309,-90.45045,146,10,60,117.7
9/19/2016,20161103,-0.69309,-90.45045,146,11,60,129.4
9/19/2016,20161103,-0.69309,-90.45045,146,12,59,116.5
9/19/2016,20161103,-0.69309,-90.45045,146,13,62,131.3
9/19/2016,20161103,-0.69309,-90.45045,146,14,63,124.9
